{
  "params": {
    "Intercept": 38.61895011589445,
    "C(weekend)[T.True]": 32.95063047469113,
    "C(stagione)[T.estate]": 6.5358966778410865,
    "C(stagione)[T.inverno]": -7.9066585015926,
    "C(stagione)[T.primavera]": -1.7031181972423508,
    "C(festivo)[T.si]": 28.979010094200035,
    "C(meteo_previsto_al_sample)[T.brutto tempo]": -18.443405513050465,
    "C(meteo_previsto_al_sample)[T.tempesta]": -53.44179026844516
  },
  "cov": [
    [
      0.16876954984929635,
      -0.02989860547300211,
      -0.14080831383931539,
      -0.13122325219911923,
      -0.13700561345533271,
      -0.015013225623901207,
      -0.04783984060823422,
      -0.047292673704426885
    ],
    [
      -0.02989860547300211,
      0.10223118370229567,
      0.0009642052411219183,
      0.0009090612834241992,
      0.0005958516940782844,
      0.022365445664034766,
      -0.0005613556126109935,
      -0.004187568193657312
    ],
    [
      -0.14080831383931539,
      0.0009642052411219183,
      0.2110219416370332,
      0.132257863685128,
      0.13392004986028982,
      -0.0009803370543365185,
      0.013536729831144186,
      0.022140756582077075
    ],
    [
      -0.13122325219911923,
      0.0009090612834241992,
      0.132257863685128,
      0.21333895273956238,
      0.1328673119374606,
      -0.02466684878685161,
      -0.002386376198613222,
      -0.007498903409640057
    ],
    [
      -0.13700561345533271,
      0.0005958516940782844,
      0.13392004986028982,
      0.1328673119374606,
      0.19959699252352042,
      -0.014450231926896177,
      0.0076957470326790255,
      0.004636434269156045
    ],
    [
      -0.015013225623901207,
      0.022365445664034766,
      -0.0009803370543365185,
      -0.02466684878685161,
      -0.014450231926896177,
      0.9179346365856285,
      -0.002666280323108653,
      -0.015202570144849686
    ],
    [
      -0.04783984060823422,
      -0.0005613556126109935,
      0.013536729831144186,
      -0.002386376198613222,
      0.0076957470326790255,
      -0.002666280323108653,
      0.08610070326300043,
      0.04487093684703037
    ],
    [
      -0.047292673704426885,
      -0.004187568193657312,
      0.022140756582077075,
      -0.007498903409640057,
      0.004636434269156045,
      -0.015202570144849686,
      0.04487093684703037,
      1.218986440582087
    ]
  ],
  "sigma": 489.47639560168176
}
