{
  "params": {
    "Intercept": -367.2952023921831,
    "biglietti_medi": 39.24420288126246,
    "totali_previsti": 0.005485896642208286,
    "biglietti_medi:totali_previsti": -0.0005819981943072413
  },
  "cov": [
    [
      182.68276959535245,
      -16.790723438263342,
      -0.0029316514809466883,
      0.0002679132041853257
    ],
    [
      -16.790723438263342,
      1.6139247342943788,
      0.00026706267155718983,
      -2.5478185834973497e-05
    ],
    [
      -0.0029316514809466883,
      0.00026706267155718983,
      4.725661500115277e-08,
      -4.283313965958876e-09
    ],
    [
      0.0002679132041853257,
      -2.5478185834973497e-05,
      -4.283313965958876e-09,
      4.0453991833582064e-10
    ]
  ],
  "sigma": 459.05719297837993
}
