{
  "params": {
    "Intercept": 60113.198595286696,
    "C(dow)[T.1]": 557.8742414138126,
    "C(dow)[T.2]": 828.9464983330787,
    "C(dow)[T.3]": 502.4478127347808,
    "C(dow)[T.4]": -331.84317728430847,
    "C(dow)[T.5]": 8461.887931756302,
    "C(dow)[T.6]": 8587.37845698856,
    "t": 2.209797600743179,
    "sin365": -542.4766616808243,
    "cos365": -2376.8588240720155
  },
  "cov": [
    [
      443542.79371498135,
      -302695.2770587688,
      -302311.410864453,
      -303168.85875425255,
      -302780.8115651641,
      -302393.8474918462,
      -302007.94158602454,
      -471.1573139267913,
      -25637.405557825638,
      -18650.777736304728
    ],
    [
      -302695.2770587688,
      606172.6274389155,
      303089.25893490476,
      303084.3592433157,
      303086.33529104857,
      303088.3112370661,
      303090.2868937138,
      -1.3426631429184004,
      54.42557930250309,
      183.9534375979605
    ],
    [
      -302311.410864453,
      303089.25893490476,
      606178.5444985592,
      303083.2313016057,
      303087.1931648127,
      303091.1562630721,
      303095.1202162463,
      -2.6802414065283897,
      134.43299620938387,
      365.01022600639914
    ],
    [
      -303168.85875425255,
      303084.3592433157,
      303083.2313016057,
      609826.1547578457,
      303088.21882683615,
      303087.21578794287,
      303086.1798860901,
      0.6594040777286202,
      -583.6102787117078,
      74.98195817132753
    ],
    [
      -302780.8115651641,
      303086.33529104857,
      303087.1931648127,
      303088.21882683615,
      609826.210834045,
      303090.2379042993,
      303091.1975139863,
      -0.6746214876397679,
      -529.2731376996582,
      268.0646315674746
    ],
    [
      -302393.8474918462,
      303088.3112370661,
      303091.1562630721,
      303087.21578794287,
      303090.2379042993,
      609830.192719827,
      303096.18237330666,
      -2.008565708408418,
      -469.48991948546944,
      459.47579468164616
    ],
    [
      -302007.94158602454,
      303090.2868937138,
      303095.1202162463,
      303086.1798860901,
      303091.1975139863,
      303096.18237330666,
      609838.0998342929,
      -3.342513489011944,
      -404.2862692795526,
      649.1342653516839
    ],
    [
      -471.1573139267913,
      -1.3426631429184004,
      -2.6802414065283897,
      0.6594040777286202,
      -0.6746214876397679,
      -2.008565708408418,
      -3.342513489011944,
      1.6204722364830901,
      26.761981336771434,
      82.55525403367156
    ],
    [
      -25637.405557825638,
      54.42557930250309,
      134.43299620938387,
      -583.6102787117078,
      -529.2731376996582,
      -469.48991948546944,
      -404.2862692795526,
      26.761981336771434,
      99056.68350848385,
      -3764.473556521248
    ],
    [
      -18650.777736304728,
      183.9534375979605,
      365.01022600639914,
      74.98195817132753,
      268.0646315674746,
      459.47579468164616,
      649.1342653516839,
      82.55525403367156,
      -3764.473556521248,
      88196.2727943112
    ]
  ],
  "sigma": 25459168.166122932
}